Username,User Phone Number,CountoftheUser,Gender,RegTime
angelicabarnes,776-421-3554,1,Male,02:57:50
crystalschmidt,3562482979,8,Female,10:37:23
michaelwest,+1-518-432-9190x56107,8,Male,07:44:23
veganatalie,8532521163,2,Female,17:55:40
chadcampos,001-201-589-9380,6,Male,15:53:20
vanessa45,+1-610-351-3795x1951,7,Male,11:48:25
jennifer94,+1-502-653-6336x18987,4,Male,22:32:49
joy71,222-330-0787x8112,1,Male,19:17:08
qanderson,(365)916-1659x633,1,Male,10:15:33
brownrichard,001-769-522-3612,10,Female,01:46:32
cruzjose,(687)658-2316x662,5,Female,12:46:49
holmesgregory,718.874.6996,6,Male,15:31:33
fletcherjacqueline,+1-815-714-9006x35044,1,Female,16:22:15
ysims,498.882.2123,4,Female,16:34:41
mullenvictoria,325-681-5387x656,2,Female,20:42:07
samantha00,701-339-2906,2,Male,13:06:59
sgonzalez,433.820.0559x12021,9,Male,13:40:01
ibowman,436-841-0607,9,Male,15:45:23
dgillespie,600.999.4534x509,3,Male,05:27:59
kathleentanner,(244)684-0018x972,5,Female,20:23:21
